site,country,title,price_usd,review_count,seller_badge,search_position,monthly_sold_count,is_bestseller,bestseller_rank,validity,usage_validity,activation_validity,network_type,network_generation,carrier_support_local,data_amount,product_url,asin,site_product_id,seller,brand,evidence
amazon_us,hk,"Prepaid eSIM for Mainland China, Hong Kong, Macau, Taiwan | 15-Day Unlimited | Get QR Code Instantly | 4G LTE High-Speed Network | No VPN Required | Hotspot Allow| No-Contract for Unlocked Phones",28.49,880,,,,True,119,15일,15일,,unknown,lte_4g_only,"{""cmhk"": null, ""csl"": null, ""smartone"": null, ""three_hk"": null}",unlimited,https://www.amazon.com/eSIM-15-Day-Unlimited-High-Speed-No-Contract/dp/B0GTNVKN3X,B0GTNVKN3X,B0GTNVKN3X,STAR VENTURE,Visit the ＵＲＯＺＥＴＴＡ Store,"{""price_usd"": [""$28.49""], ""usage_validity"": [""Prepaid eSIM for Mainland China, Hong Kong, Macau, Taiwan | 15-Day Unlimited | Get QR Code Instantly | 4G LTE High-Speed Network | No VPN Required | Hotspot Allow| No-Contract for ""], ""data_amount"": [""15-Day Unlimited Prepaid eSIM: Enjoy unlimited data with 5G/4G LTE high-speed coverage across Mainland China, Hong Kong, Macau, and Taiwan. Perfect for travelers and business profe""], ""network_type"": [""insufficient_or_conflicting_signals(local=0, roaming=-2)""], ""network_generation"": [""product_info_cellular_4g_lte: source:product_info_cellular: Cellular Technology LTE"", ""product_info_cellular_4g_lte: source:product_info_cellular: Cellular Technology LTE""], ""review_count"": [""detail_page: 880""], ""is_bestseller"": [""Best Sellers Rank #54,635 in Cell Phones & Accessories ( See Top 100 in Cell Phones & Accessories ) #119 in Cell Phone SIM Cards""], ""bestseller_rank"": [""Best Sellers Rank #54,635 in Cell Phones & Accessories ( See Top 100 in Cell Phones & Accessories ) #119 in Cell Phone SIM Cards""], ""title"": [""Prepaid eSIM for Mainland China, Hong Kong, Macau, Taiwan | 15-Day Unlimited | Get QR Code Instantly | 4G LTE High-Speed Network | No VPN Required | Hotspot Allow| No-Contract for Unlocked Phones""]}"
amazon_us,hk,"Prepaid eSIM for Mainland China, Hong Kong, Macau, Taiwan | 10GB 15Day Plan Data | Get QR Code Instantly | 4G LTE High-Speed Network | No VPN Required | Hotspot Allow| No-Contract for Unlocked Phones",15.19,6,,,,True,119,15일,15일,,unknown,5g_capable,"{""cmhk"": null, ""csl"": null, ""smartone"": null, ""three_hk"": null}",10GB,https://www.amazon.com/10GB-Mainland-High-Speed-Activation-No-Contract/dp/B0F5B7BR7P,B0F5B7BR7P,B0F5B7BR7P,STAR VENTURE,Visit the ＵＲＯＺＥＴＴＡ Store,"{""price_usd"": [""$15.19""], ""usage_validity"": [""Prepaid eSIM for Mainland China, Hong Kong, Macau, Taiwan | 10GB 15Day Plan Data | Get QR Code Instantly | 4G LTE High-Speed Network | No VPN Required | Hotspot Allow| No-Contract ""], ""data_amount"": [""10GB 15-days Prepaid eSIM: Enjoy a 15-day plan with 10GB of 5G/4G LTE high-speed coverage across Mainland China, Hong Kong, Macau, and Taiwan. Perfect for travelers and business pr""], ""network_type"": [""local_signal: Product description Previous page Next page 1 Fast eSIM Network 2 Apps Travel With You 3 Turn eSIM into WiFi 4 Snap QR, Get eSIM 5 Instant eSIM Activation Previous page Reliable 4G"", ""roaming_signal: Product description Previous page Next page 1 Fast eSIM Network 2 Apps Travel With You 3 Turn eSIM into WiFi 4 Snap QR, Get eSIM 5 Instant eSIM Activation Previous page Reliable 4G"", ""insufficient_or_conflicting_signals(local=3, roaming=3)""], ""network_generation"": [""product_info_cellular_5g: source:product_info_cellular: Cellular Technology 5G"", ""product_info_cellular_5g: source:product_info_cellular: Cellular Technology 5G""], ""review_count"": [""detail_page: 6 global ratings""], ""is_bestseller"": [""Best Sellers Rank #54,635 in Cell Phones & Accessories ( See Top 100 in Cell Phones & Accessories ) #119 in Cell Phone SIM Cards""], ""bestseller_rank"": [""Best Sellers Rank #54,635 in Cell Phones & Accessories ( See Top 100 in Cell Phones & Accessories ) #119 in Cell Phone SIM Cards""], ""title"": [""Prepaid eSIM for Mainland China, Hong Kong, Macau, Taiwan | 10GB 15Day Plan Data | Get QR Code Instantly | 4G LTE High-Speed Network | No VPN Required | Hotspot Allow| No-Contract for Unlocked Phones""]}"
amazon_us,hk,"Prepaid eSIM Card 10GB 30Day for Mainland China, Hong Kong, Macau, Taiwan | Get QR Code Instantly | No VPN Required | 5G/4G LTE High-Speed Internet | Hotspot Allow |No-Contract for Unlocked Phones",21.99,10,,,,True,119,30일,30일,,unknown,lte_4g_only,"{""cmhk"": null, ""csl"": null, ""smartone"": null, ""three_hk"": null}",10GB,https://www.amazon.com/10GB-Mainland-High-Speed-Activation-No-Contract/dp/B0F5B7KMX5,B0F5B7KMX5,B0F5B7KMX5,STAR VENTURE,Visit the ＵＲＯＺＥＴＴＡ Store,"{""price_usd"": [""$21.99""], ""usage_validity"": [""Prepaid eSIM Card 10GB 30Day for Mainland China, Hong Kong, Macau, Taiwan | Get QR Code Instantly | No VPN Required | 5G/4G LTE High-Speed Internet | Hotspot Allow |No-Contract for""], ""data_amount"": [""10GB 30-days Prepaid eSIM: Enjoy a 30-day plan with 10GB of 5G/4G LTE high-speed coverage across Mainland China, Hong Kong, Macau, and Taiwan. Perfect for travelers and business pr""], ""network_type"": [""local_signal: Product description Previous page Next page 1 Fast eSIM Network 2 Apps Travel With You 3 Turn eSIM into WiFi 4 Snap QR, Get eSIM 5 Instant eSIM Activation Previous page Reliable 4G"", ""roaming_signal: Product description Previous page Next page 1 Fast eSIM Network 2 Apps Travel With You 3 Turn eSIM into WiFi 4 Snap QR, Get eSIM 5 Instant eSIM Activation Previous page Reliable 4G"", ""insufficient_or_conflicting_signals(local=3, roaming=3)""], ""network_generation"": [""product_info_cellular_4g_lte: source:product_info_cellular: Cellular Technology LTE"", ""product_info_cellular_4g_lte: source:product_info_cellular: Cellular Technology LTE""], ""review_count"": [""detail_page: 10 global ratings""], ""is_bestseller"": [""Best Sellers Rank #54,635 in Cell Phones & Accessories ( See Top 100 in Cell Phones & Accessories ) #119 in Cell Phone SIM Cards""], ""bestseller_rank"": [""Best Sellers Rank #54,635 in Cell Phones & Accessories ( See Top 100 in Cell Phones & Accessories ) #119 in Cell Phone SIM Cards""], ""title"": [""Prepaid eSIM Card 10GB 30Day for Mainland China, Hong Kong, Macau, Taiwan | Get QR Code Instantly | No VPN Required | 5G/4G LTE High-Speed Internet | Hotspot Allow |No-Contract for Unlocked Phones""]}"
amazon_us,hk,"Prepaid eSIM for Mainland China, Hong Kong, Macau, Taiwan | 5GB 7Day Plan Data | Get QR Code Instantly | 4G LTE High-Speed Network | No VPN Required | Hotspot Allow| No-Contract for Unlocked Phones",9.26,8,,,,True,119,7일,7일,,unknown,lte_4g_only,"{""cmhk"": null, ""csl"": null, ""smartone"": null, ""three_hk"": null}",5GB,https://www.amazon.com/5GB-Mainland-High-Speed-Activation-No-Contract/dp/B0DR8XYVPG,B0DR8XYVPG,B0DR8XYVPG,STAR VENTURE,Visit the ＵＲＯＺＥＴＴＡ Store,"{""price_usd"": [""$9.26""], ""usage_validity"": [""Prepaid eSIM for Mainland China, Hong Kong, Macau, Taiwan | 5GB 7Day Plan Data | Get QR Code Instantly | 4G LTE High-Speed Network | No VPN Required | Hotspot Allow| No-Contract fo""], ""data_amount"": [""5GB 7-days Prepaid eSIM: Enjoy a 7-day plan with 5GB of 5G/4G LTE high-speed coverage across Mainland China, Hong Kong, Macau, and Taiwan. Perfect for travelers and business profes""], ""network_type"": [""local_signal: Product description Previous page Next page 1 Fast eSIM Network 2 Apps Travel With You 3 Turn eSIM into WiFi 4 Snap QR, Get eSIM 5 Instant eSIM Activation Previous page Reliable 4G"", ""roaming_signal: Product description Previous page Next page 1 Fast eSIM Network 2 Apps Travel With You 3 Turn eSIM into WiFi 4 Snap QR, Get eSIM 5 Instant eSIM Activation Previous page Reliable 4G"", ""insufficient_or_conflicting_signals(local=3, roaming=3)""], ""network_generation"": [""product_info_cellular_4g_lte: source:product_info_cellular: Cellular Technology LTE"", ""product_info_cellular_4g_lte: source:product_info_cellular: Cellular Technology LTE""], ""review_count"": [""detail_page: 8 global ratings""], ""is_bestseller"": [""Best Sellers Rank #54,635 in Cell Phones & Accessories ( See Top 100 in Cell Phones & Accessories ) #119 in Cell Phone SIM Cards""], ""bestseller_rank"": [""Best Sellers Rank #54,635 in Cell Phones & Accessories ( See Top 100 in Cell Phones & Accessories ) #119 in Cell Phone SIM Cards""], ""title"": [""Prepaid eSIM for Mainland China, Hong Kong, Macau, Taiwan | 5GB 7Day Plan Data | Get QR Code Instantly | 4G LTE High-Speed Network | No VPN Required | Hotspot Allow| No-Contract for Unlocked Phones""]}"
amazon_us,hk,"Free Test 150MB 1Day in USA | Happy China, Hong Kong, Macau 30Days Unlimited Data Sim Card | 15GB of 5G High-Speed Data | Support Google, Whatsapp, Facebook, Instagram and More",16.52,57,,,,True,137,1일,1일,,roaming,5g_capable,"{""cmhk"": null, ""csl"": true, ""smartone"": null, ""three_hk"": null}",unlimited,https://www.amazon.com/Happy-Mainland-High-Speed-Whatsapp-Instagram/dp/B0CYSGV4B6,B0CYSGV4B6,B0CYSGV4B6,HAPPY SIM,Visit the HAPPY TELECOM Store,"{""price_usd"": [""$16.52""], ""usage_validity"": [""Free Test 150MB 1Day in USA | Happy China, Hong Kong, Macau 30Days Unlimited Data Sim Card | 15GB of 5G High-Speed Data | Support Google, Whatsapp, Facebook, Instagram and More""], ""data_amount"": [""▶ China Unicom (China) I CTM/3Macau (Macau) I Happy/CSL (Hong Kong) 3 in 1 SIM- plug and use, no registration is required- unlimited data service, after the usage reaches 15GB, ser""], ""network_type"": [""▶ Popular apps and social media are supported (except TK-TK); vpn is not required, Hotspot is supported but do not guarantee all devices work, Turn ON your mobile phone with roamin"", ""Product description Happy Sim Happy Telecom Our Journey Together We understand that staying connected is an indispensable part of life, whether you're at home or travelling. For ov"", ""score: local=0, roaming=2""], ""network_generation"": [""product_info_cellular_5g: source:product_info_cellular: Cellular Technology 5G/4G LTE"", ""product_info_cellular_5g: source:product_info_cellular: Cellular Technology 5G/4G LTE""], ""carrier_support_local"": [""CSL: ▶ China Unicom (China) I CTM/3Macau (Macau) I Happy/CSL (Hong Kong) 3 in 1 SIM- plug and use, no registration is required- unlimited data service, aft"", ""CSL: ▶ Wait for 1-2 minutes, it should be automatically connected to the network; in case if it is not, please turn OFF the AUTO search network and manuall""], ""review_count"": [""detail_page: 57 global ratings""], ""is_bestseller"": [""Best Sellers Rank #60,874 in Cell Phones & Accessories ( See Top 100 in Cell Phones & Accessories ) #137 in Cell Phone SIM Cards""], ""bestseller_rank"": [""Best Sellers Rank #60,874 in Cell Phones & Accessories ( See Top 100 in Cell Phones & Accessories ) #137 in Cell Phone SIM Cards""], ""title"": [""Free Test 150MB 1Day in USA | Happy China, Hong Kong, Macau 30Days Unlimited Data Sim Card | 15GB of 5G High-Speed Data | Support Google, Whatsapp, Facebook, Instagram and More""]}"
amazon_us,hk,"Prepaid China eSIM Data: 10GB High-Speed Data for 30 Days,Explore Beijing, Shanghai, Great Wall & More, Seamless Roaming in Mainland China, Hong Kong, Macau, No Contract, Hotspot Support, No SIM Card",17.99,8,,,,True,267,1일,1일,30일,unknown,lte_4g_only,"{""cmhk"": null, ""csl"": null, ""smartone"": null, ""three_hk"": null}",10GB,https://www.amazon.com/Seamless-Mainland-High-Speed-Unlimited-Contract/dp/B0CR3ZT7JC,B0CR3ZT7JC,B0CR3ZT7JC,shuoxing E-commerce,Visit the gtesim Store,"{""price_usd"": [""$17.99""], ""usage_validity"": [""✈Easy To Activate: Purchase the prepaid eSIM, get a redeem code to generate an eSIM QR code, scan the QR code to install the eSIM. The eSIM is considered to be activated when the d""], ""activation_validity"": [""Prepaid China eSIM Data: 10GB High-Speed Data for 30 Days,Explore Beijing, Shanghai, Great Wall & More, Seamless Roaming in Mainland China, Hong Kong, Macau, No Contract, Hotspot S""], ""data_amount"": [""✈Package Details: It's eSim Data only ,no physical Sim Card, no number, no calls & SMS, and it supports hotspots. You can enjoy 30 days of 10GB high speed data and unlimited speed ""], ""network_type"": [""local_signal: ✈Quality Network Services: Supported by local telecommunication carriers, it offers 5G/4G/LTE internet speeds, with wide signal coverage, stable network and fast speed. The interne"", ""roaming_signal: Prepaid China eSIM Data: 10GB High-Speed Data for 30 Days,Explore Beijing, Shanghai, Great Wall & More, Seamless Roaming in Mainland China, Hong Kong, Macau, No Contract, Hotspot S"", ""insufficient_or_conflicting_signals(local=21, roaming=8)""], ""network_generation"": [""product_info_cellular_4g_lte: source:product_info_cellular: Cellular Technology LTE"", ""product_info_cellular_4g_lte: source:product_info_cellular: Cellular Technology LTE""], ""review_count"": [""detail_page: 8 global ratings""], ""is_bestseller"": [""Best Sellers Rank #119,817 in Cell Phones & Accessories ( See Top 100 in Cell Phones & Accessories ) #267 in Cell Phone SIM Cards""], ""bestseller_rank"": [""Best Sellers Rank #119,817 in Cell Phones & Accessories ( See Top 100 in Cell Phones & Accessories ) #267 in Cell Phone SIM Cards""], ""title"": [""Prepaid China eSIM Data: 10GB High-Speed Data for 30 Days,Explore Beijing, Shanghai, Great Wall & More, Seamless Roaming in Mainland China, Hong Kong, Macau, No Contract, Hotspot Support, No SIM Card""]}"
amazon_us,hk,"Travel Data eSIM (20 Days) for China Mainland, Japan, Korea, Thailand, Hong Kong, Taiwan, Singapore, Vietnam and More, 20GB of High-Speed Data, Instant Activation, Prepaid Digital SIM Card",31.99,39,,,,True,342,20일,20일,30일,roaming,5g_capable,"{""cmhk"": null, ""csl"": null, ""smartone"": null, ""three_hk"": null}",20GB,https://www.amazon.com/20-Days-Singapore-High-Speed-Activation/dp/B0G4XSR5G8,B0G4XSR5G8,B0G4XSR5G8,Jethro Trading Ltd.,Visit the JETSIM Store,"{""price_usd"": [""$31.99""], ""usage_validity"": [""Travel Data eSIM (20 Days) for China Mainland, Japan, Korea, Thailand, Hong Kong, Taiwan, Singapore, Vietnam and More, 20GB of High-Speed Data, Instant Activation, Prepaid Digital ""], ""activation_validity"": [""Product description Can I use my eSIM immediately after purchase? Yes. Simply submit the claim form, and we will deliver your eSIM to your email right away. Do I need to activate m""], ""data_amount"": [""[Fast & Reliable Data] 20GB high-speed for 20 days—ideal for maps, social media, and emails.""], ""network_type"": [""Product description Can I use my eSIM immediately after purchase? Yes. Simply submit the claim form, and we will deliver your eSIM to your email right away. Do I need to activate m"", ""score: local=0, roaming=3""], ""network_generation"": [""product_info_cellular_5g: source:product_info_cellular: Cellular Technology 5G/4G"", ""product_info_cellular_5g: source:product_info_cellular: Cellular Technology 5G/4G""], ""review_count"": [""detail_page: 39""], ""is_bestseller"": [""Best Sellers Rank #153,113 in Cell Phones & Accessories ( See Top 100 in Cell Phones & Accessories ) #342 in Cell Phone SIM Cards""], ""bestseller_rank"": [""Best Sellers Rank #153,113 in Cell Phones & Accessories ( See Top 100 in Cell Phones & Accessories ) #342 in Cell Phone SIM Cards""], ""title"": [""Travel Data eSIM (20 Days) for China Mainland, Japan, Korea, Thailand, Hong Kong, Taiwan, Singapore, Vietnam and More, 20GB of High-Speed Data, Instant Activation, Prepaid Digital SIM Card""]}"
amazon_us,hk,"travSIM Hong Kong eSIM | 15 Days - 10GB Data SIM | 5G/4G high-Speed Data | Internet Access for Google, Facebook, Whatsapp, Instagram and More",49.0,1,,,,True,891,15일,15일,,roaming,5g_capable,"{""cmhk"": null, ""csl"": null, ""smartone"": null, ""three_hk"": null}",10GB,https://www.amazon.com/travSIM-Hong-eSIM-15-Days/dp/B0FBX9XD86,B0FBX9XD86,B0FBX9XD86,travSIM GmbH Germany,Visit the travSIM Store,"{""price_usd"": [""$49""], ""usage_validity"": [""travSIM Hong Kong eSIM | 15 Days - 10GB Data SIM | 5G/4G high-Speed Data | Internet Access for Google, Facebook, Whatsapp, Instagram and More""], ""data_amount"": [""15-Day Hong Kong eSIM – Includes 10GB of fast 4G/5G data, ideal for tourists, business travelers, and short stays.""], ""network_type"": [""Unlimited App Access – Use Google, WhatsApp, Facebook, Instagram & more without roaming fees or hidden charges."", ""Stay seamlessly connected during your trip with the travSIM Hong Kong eSIM, designed for travelers who want fast, reliable, and hassle-free mobile internet. Enjoy 10GB of high-spee"", ""score: local=0, roaming=3""], ""network_generation"": [""product_detail_5g: source:feature_bullets: 15-Day Hong Kong eSIM – Includes 10GB of fast 4G/5G data, ideal for tourists, business travelers, and short stays."", ""product_detail_5g: source:product_description: Stay seamlessly connected during your trip with the travSIM Hong Kong eSIM, designed for travelers who want fast, reliable, and hassle-free mobile inter""], ""review_count"": [""detail_page: 1 global rating""], ""is_bestseller"": [""Best Sellers Rank #438,666 in Cell Phones & Accessories ( See Top 100 in Cell Phones & Accessories ) #891 in Cell Phone SIM Cards""], ""bestseller_rank"": [""Best Sellers Rank #438,666 in Cell Phones & Accessories ( See Top 100 in Cell Phones & Accessories ) #891 in Cell Phone SIM Cards""], ""title"": [""travSIM Hong Kong eSIM | 15 Days - 10GB Data SIM | 5G/4G high-Speed Data | Internet Access for Google, Facebook, Whatsapp, Instagram and More""]}"
amazon_us,hk,"Travel Data eSIM (30 Days) for China Mainland, Japan, Korea, Thailand, Hong Kong, Taiwan, Singapore, Vietnam and More, 30GB of High-Speed Data, Instant Activation, Prepaid Digital SIM Card",39.99,11,,,,True,342,30일,30일,30일,unknown,5g_capable,"{""cmhk"": null, ""csl"": null, ""smartone"": null, ""three_hk"": null}",30GB,https://www.amazon.com/30-Days-Singapore-High-Speed-Activation/dp/B0DFVQQ3PV,B0DFVQQ3PV,B0DFVQQ3PV,Jethro Trading Ltd.,Visit the JETSIM Store,"{""price_usd"": [""$39.99""], ""usage_validity"": [""Travel Data eSIM (30 Days) for China Mainland, Japan, Korea, Thailand, Hong Kong, Taiwan, Singapore, Vietnam and More, 30GB of High-Speed Data, Instant Activation, Prepaid Digital ""], ""activation_validity"": [""Product description Can I use my eSIM immediately after purchase? Yes. Simply submit the claim form, and we will deliver your eSIM to your email right away. Do I need to activate m""], ""data_amount"": [""[Fast & Reliable Data] 30GB high-speed for 30 days—ideal for maps, social media, and emails.""], ""network_type"": [""roaming_signal: Product description Can I use my eSIM immediately after purchase? Yes. Simply submit the claim form, and we will deliver your eSIM to your email right away. Do I need to activate m"", ""insufficient_or_conflicting_signals(local=0, roaming=1)""], ""network_generation"": [""product_info_cellular_5g: source:product_info_cellular: Cellular Technology 5G/4G"", ""product_info_cellular_5g: source:product_info_cellular: Cellular Technology 5G/4G""], ""review_count"": [""detail_page: 11 global ratings""], ""is_bestseller"": [""Best Sellers Rank #153,113 in Cell Phones & Accessories ( See Top 100 in Cell Phones & Accessories ) #342 in Cell Phone SIM Cards""], ""bestseller_rank"": [""Best Sellers Rank #153,113 in Cell Phones & Accessories ( See Top 100 in Cell Phones & Accessories ) #342 in Cell Phone SIM Cards""], ""title"": [""Travel Data eSIM (30 Days) for China Mainland, Japan, Korea, Thailand, Hong Kong, Taiwan, Singapore, Vietnam and More, 30GB of High-Speed Data, Instant Activation, Prepaid Digital SIM Card""]}"
amazon_us,hk,Hong Kong SIM Card | 20GB Super Economy Refillable Plan! Auto Activating 30 Day Validity | 5G Speed + Hotspot | Data-Only No Phone Number,13.99,3,,,,True,836,30일,30일,30일,local,lte_4g_only,"{""cmhk"": null, ""csl"": null, ""smartone"": null, ""three_hk"": null}",20GB,https://www.amazon.com/Hong-Kong-SIM-20GB-Day/dp/B0DX67D67K,B0DX67D67K,B0DX67D67K,TSIM Cards,Visit the TSIM Store,"{""price_usd"": [""$13.99""], ""usage_validity"": [""Hong Kong SIM Card | 20GB Super Economy Refillable Plan! Auto Activating 30 Day Validity | 5G Speed + Hotspot | Data-Only No Phone Number""], ""activation_validity"": [""KiwiSIM 4G SIM Card 1GB 30Days, USA Data SIM Card Support for 3 Network | Prepaid Sim Card for Unlocked Security Camera/Router/Hotspot WiFI/GPS Tracker, No SSN Check(Activate Neede""], ""data_amount"": [""HIGH SPEED 5G/4G DATA: Enjoy up to 20GB of high-speed 5G/4G internet. Hotspot tethering is supported.""], ""network_type"": [""TSIM Prepaid USA SIM Card for Travel | Unlimited High Data, Unlimited Local Calls and Text for 30..."", ""TSIM Prepaid USA SIM Card for Travel | Unlimited High Data, Unlimited Local Calls and Text for 30..."", ""score: local=2, roaming=0""], ""network_generation"": [""product_info_cellular_4g_lte: source:product_info_cellular: Cellular Technology LTE"", ""product_info_cellular_4g_lte: source:product_info_cellular: Cellular Technology LTE""], ""review_count"": [""detail_page: 3 global ratings""], ""is_bestseller"": [""Best Sellers Rank #406,174 in Cell Phones & Accessories ( See Top 100 in Cell Phones & Accessories ) #836 in Cell Phone SIM Cards""], ""bestseller_rank"": [""Best Sellers Rank #406,174 in Cell Phones & Accessories ( See Top 100 in Cell Phones & Accessories ) #836 in Cell Phone SIM Cards""], ""title"": [""Hong Kong SIM Card | 20GB Super Economy Refillable Plan! Auto Activating 30 Day Validity | 5G Speed + Hotspot | Data-Only No Phone Number""]}"
amazon_us,hk,"travSIM Hong Kong eSIM | 15 Days - 05GB Data SIM | 5G/4G high-Speed Data | Internet Access for Google, Facebook, Whatsapp, Instagram and More",49.0,,,,,True,891,15일,15일,15일,roaming,5g_capable,"{""cmhk"": null, ""csl"": null, ""smartone"": null, ""three_hk"": null}",5GB,https://www.amazon.com/travSIM-Hong-eSIM-15-Days/dp/B0FBX7LSXH,B0FBX7LSXH,B0FBX7LSXH,travSIM GmbH Germany,Visit the travSIM Store,"{""price_usd"": [""$49""], ""usage_validity"": [""travSIM Hong Kong eSIM | 15 Days - 05GB Data SIM | 5G/4G high-Speed Data | Internet Access for Google, Facebook, Whatsapp, Instagram and More""], ""activation_validity"": [""Travel smarter with the travSIM Hong Kong eSIM, the convenient digital solution for seamless connectivity. Enjoy 15 days of service with 5GB of ultra-fast 5G/4G LTE data, perfect f""], ""data_amount"": [""5GB High-Speed Data – Enjoy reliable 5G/4G LTE internet for browsing, maps, streaming, and messaging without costly roaming fees.""], ""network_type"": [""5GB High-Speed Data – Enjoy reliable 5G/4G LTE internet for browsing, maps, streaming, and messaging without costly roaming fees."", ""Travel smarter with the travSIM Hong Kong eSIM, the convenient digital solution for seamless connectivity. Enjoy 15 days of service with 5GB of ultra-fast 5G/4G LTE data, perfect f"", ""score: local=0, roaming=3""], ""network_generation"": [""product_detail_5g: source:feature_bullets: 5GB High-Speed Data – Enjoy reliable 5G/4G LTE internet for browsing, maps, streaming, and messaging without costly roaming fees."", ""product_detail_5g: source:product_description: Travel smarter with the travSIM Hong Kong eSIM, the convenient digital solution for seamless connectivity. Enjoy 15 days of service with 5GB of ultra-fa""], ""is_bestseller"": [""Best Sellers Rank #438,666 in Cell Phones & Accessories ( See Top 100 in Cell Phones & Accessories ) #891 in Cell Phone SIM Cards""], ""bestseller_rank"": [""Best Sellers Rank #438,666 in Cell Phones & Accessories ( See Top 100 in Cell Phones & Accessories ) #891 in Cell Phone SIM Cards""], ""title"": [""travSIM Hong Kong eSIM | 15 Days - 05GB Data SIM | 5G/4G high-Speed Data | Internet Access for Google, Facebook, Whatsapp, Instagram and More""]}"
amazon_us,hk,"eSIM for China, Hong Kong & Macau | 30GB High-Speed Data (1GB Daily) | Unrestricted Internet Access - Use Facebook, Instagram & More | Hotspot & Tethering | Prepaid Digital SIM Card | 30 Days",49.99,6,,,,True,1204,30일,30일,30일,roaming,5g_capable,"{""cmhk"": null, ""csl"": null, ""smartone"": null, ""three_hk"": null}",1GB,https://www.amazon.com/High-Speed-Activation-Registration-30-Days/dp/B0DFN1T798,B0DFN1T798,B0DFN1T798,Jethro Trading Ltd.,Visit the JETSIM Store,"{""price_usd"": [""$49.99""], ""usage_validity"": [""eSIM for China, Hong Kong & Macau | 30GB High-Speed Data (1GB Daily) | Unrestricted Internet Access - Use Facebook, Instagram & More | Hotspot & Tethering | Prepaid Digital SIM Car""], ""activation_validity"": [""Product description Can I use my eSIM immediately after purchase? Yes. Simply submit the claim form, and we will deliver your eSIM to your email right away. Do I need to activate m""], ""data_amount"": [""[Fast & Reliable Data] 1GB high-speed daily + unlimited basic data for 5 days—ideal for maps, social media, and emails. Unrestricted internet access to Facebook, Instagram, What's ""], ""network_type"": [""Product description Can I use my eSIM immediately after purchase? Yes. Simply submit the claim form, and we will deliver your eSIM to your email right away. Do I need to activate m"", ""China eSIM: 20GB High-Speed Data for 30 Days,Explore Beijing, Shanghai, Great Wall & More, Seamless Roaming in Mainland China, Hong Kong, Macau, No Contract, Hotspot Support, No SI"", ""score: local=1, roaming=4""], ""network_generation"": [""product_info_cellular_5g: source:product_info_cellular: Cellular Technology 5G/4G"", ""product_info_cellular_5g: source:product_info_cellular: Cellular Technology 5G/4G""], ""review_count"": [""detail_page: 6""], ""is_bestseller"": [""Best Sellers Rank #667,494 in Cell Phones & Accessories ( See Top 100 in Cell Phones & Accessories ) #1,204 in Cell Phone SIM Cards""], ""bestseller_rank"": [""Best Sellers Rank #667,494 in Cell Phones & Accessories ( See Top 100 in Cell Phones & Accessories ) #1,204 in Cell Phone SIM Cards""], ""title"": [""eSIM for China, Hong Kong & Macau | 30GB High-Speed Data (1GB Daily) | Unrestricted Internet Access - Use Facebook, Instagram & More | Hotspot & Tethering | Prepaid Digital SIM Card | 30 Days""]}"
amazon_us,hk,Hong Kong eSIM Data Card – 4G LTE High-Speed Internet | Instant Activation | No Physical SIM Required | Ideal for Short-Term and Long-Term Travel,7.99,,,,,True,1401,1일,1일,,unknown,lte_4g_only,"{""cmhk"": null, ""csl"": null, ""smartone"": null, ""three_hk"": null}",1GB,https://www.amazon.com/Hong-Kong-eSIM-Data-Card/dp/B0F2H1V9D6,B0F2H1V9D6,B0F2H1V9D6,Mossroam,Visit the mossroam Store,"{""price_usd"": [""$7.99""], ""usage_validity"": [""Model Number 1GB Day pass,1 Day""], ""data_amount"": [""Model Number 1GB Day pass,1 Day""], ""network_type"": [""roaming_signal: Please use your eSIM card after you have arrived at your destination. When you turn on the roaming function, your card will be activated as soon as you arrive at your destination a""], ""network_generation"": [""product_info_cellular_4g_lte: source:product_info_cellular: Cellular Technology LTE"", ""product_info_cellular_4g_lte: source:product_info_cellular: Cellular Technology LTE""], ""is_bestseller"": [""Best Sellers Rank #868,564 in Cell Phones & Accessories ( See Top 100 in Cell Phones & Accessories ) #1,401 in Cell Phone SIM Cards""], ""bestseller_rank"": [""Best Sellers Rank #868,564 in Cell Phones & Accessories ( See Top 100 in Cell Phones & Accessories ) #1,401 in Cell Phone SIM Cards""], ""title"": [""Hong Kong eSIM Data Card – 4G LTE High-Speed Internet | Instant Activation | No Physical SIM Required | Ideal for Short-Term and Long-Term Travel""]}"
amazon_us,hk,Hong Kong eSIM Data Card – 4G LTE High-Speed Internet | Instant Activation | No Physical SIM Required | Ideal for Short-Term and Long-Term Travel,10.59,,,,,True,1401,7일,7일,,unknown,lte_4g_only,"{""cmhk"": null, ""csl"": null, ""smartone"": null, ""three_hk"": null}",1GB,https://www.amazon.com/Hong-Kong-eSIM-Data-Card/dp/B0F2GYF95Y,B0F2GYF95Y,B0F2GYF95Y,Mossroam,Visit the mossroam Store,"{""price_usd"": [""$10.59""], ""usage_validity"": [""Model Number 1GB Day pass,7 Days""], ""data_amount"": [""Model Number 1GB Day pass,7 Days""], ""network_type"": [""roaming_signal: Please use your eSIM card after you have arrived at your destination. When you turn on the roaming function, your card will be activated as soon as you arrive at your destination a""], ""network_generation"": [""product_info_cellular_4g_lte: source:product_info_cellular: Cellular Technology LTE"", ""product_info_cellular_4g_lte: source:product_info_cellular: Cellular Technology LTE""], ""is_bestseller"": [""Best Sellers Rank #868,564 in Cell Phones & Accessories ( See Top 100 in Cell Phones & Accessories ) #1,401 in Cell Phone SIM Cards""], ""bestseller_rank"": [""Best Sellers Rank #868,564 in Cell Phones & Accessories ( See Top 100 in Cell Phones & Accessories ) #1,401 in Cell Phone SIM Cards""], ""title"": [""Hong Kong eSIM Data Card – 4G LTE High-Speed Internet | Instant Activation | No Physical SIM Required | Ideal for Short-Term and Long-Term Travel""]}"
amazon_us,hk,Hong Kong eSIM Data Card – 4G LTE High-Speed Internet | Instant Activation | No Physical SIM Required | Ideal for Short-Term and Long-Term Travel,12.39,2,,,,True,1401,7일,7일,,local,lte_4g_only,"{""cmhk"": null, ""csl"": null, ""smartone"": null, ""three_hk"": null}",2GB,https://www.amazon.com/Hong-Kong-eSIM-Data-Card/dp/B0F2G3XSMN,B0F2G3XSMN,B0F2G3XSMN,Mossroam,Visit the mossroam Store,"{""price_usd"": [""$12.39""], ""usage_validity"": [""Model Number 2GB Day pass,7 Days""], ""data_amount"": [""Model Number 2GB Day pass,7 Days""], ""network_type"": [""UROZETTA Europe Prepaid Orange SIM Card |12GB 30Days Local Network | 5G/4G High-Spe..."", ""Europe Prepaid SIM Card | 10GB 30Days Local Network | 5G/4G High-Speed with Hotspot..."", ""score: local=6, roaming=-1""], ""network_generation"": [""product_info_cellular_4g_lte: source:product_info_cellular: Cellular Technology LTE"", ""product_info_cellular_4g_lte: source:product_info_cellular: Cellular Technology LTE""], ""review_count"": [""detail_page: 2 global ratings""], ""is_bestseller"": [""Best Sellers Rank #868,564 in Cell Phones & Accessories ( See Top 100 in Cell Phones & Accessories ) #1,401 in Cell Phone SIM Cards""], ""bestseller_rank"": [""Best Sellers Rank #868,564 in Cell Phones & Accessories ( See Top 100 in Cell Phones & Accessories ) #1,401 in Cell Phone SIM Cards""], ""title"": [""Hong Kong eSIM Data Card – 4G LTE High-Speed Internet | Instant Activation | No Physical SIM Required | Ideal for Short-Term and Long-Term Travel""]}"
amazon_us,hk,Hong Kong eSIM Data Card – 4G LTE High-Speed Internet | Instant Activation | No Physical SIM Required | Ideal for Short-Term and Long-Term Travel,10.69,,,,,True,1401,3일,3일,,unknown,lte_4g_only,"{""cmhk"": null, ""csl"": null, ""smartone"": null, ""three_hk"": null}",2GB,https://www.amazon.com/Hong-Kong-eSIM-Data-Card/dp/B0F2GYZ2YN,B0F2GYZ2YN,B0F2GYZ2YN,Mossroam,Visit the mossroam Store,"{""price_usd"": [""$10.69""], ""usage_validity"": [""Model Number 2GB Day pass,3 Days""], ""data_amount"": [""Model Number 2GB Day pass,3 Days""], ""network_type"": [""roaming_signal: Please use your eSIM card after you have arrived at your destination. When you turn on the roaming function, your card will be activated as soon as you arrive at your destination a""], ""network_generation"": [""product_info_cellular_4g_lte: source:product_info_cellular: Cellular Technology LTE"", ""product_info_cellular_4g_lte: source:product_info_cellular: Cellular Technology LTE""], ""is_bestseller"": [""Best Sellers Rank #868,564 in Cell Phones & Accessories ( See Top 100 in Cell Phones & Accessories ) #1,401 in Cell Phone SIM Cards""], ""bestseller_rank"": [""Best Sellers Rank #868,564 in Cell Phones & Accessories ( See Top 100 in Cell Phones & Accessories ) #1,401 in Cell Phone SIM Cards""], ""title"": [""Hong Kong eSIM Data Card – 4G LTE High-Speed Internet | Instant Activation | No Physical SIM Required | Ideal for Short-Term and Long-Term Travel""]}"
amazon_us,hk,"Greater China eSIM Card – Prepaid Data Plans for China, Hong Kong, Macau, Taiwan | 1GB Daily Data,5 Days | No Physical SIM Card Needed | Instant Activation",15.99,512,,,,True,982,5일,5일,,unknown,lte_4g_only,"{""cmhk"": null, ""csl"": null, ""smartone"": null, ""three_hk"": null}",1GB,https://www.amazon.com/Greater-China-eSIM-Card-Activation/dp/B0DSFYFQBD,B0DSFYFQBD,B0DSFYFQBD,Mossroam,Visit the mossroam Store,"{""price_usd"": [""$15.99""], ""usage_validity"": [""Greater China eSIM Card – Prepaid Data Plans for China, Hong Kong, Macau, Taiwan | 1GB Daily Data,5 Days | No Physical SIM Card Needed | Instant Activation""], ""data_amount"": [""Flexible Data Plans – Choose from 1GB or 2GB daily data, with plan durations ranging from 1 to 10 days, tailored to your travel needs.""], ""network_type"": [""insufficient_or_conflicting_signals(local=0, roaming=-2)""], ""network_generation"": [""product_info_cellular_4g_lte: source:product_info_cellular: Cellular Technology LTE"", ""product_info_cellular_4g_lte: source:product_info_cellular: Cellular Technology LTE""], ""review_count"": [""detail_page: 512""], ""is_bestseller"": [""Best Sellers Rank #499,503 in Cell Phones & Accessories ( See Top 100 in Cell Phones & Accessories ) #982 in Cell Phone SIM Cards""], ""bestseller_rank"": [""Best Sellers Rank #499,503 in Cell Phones & Accessories ( See Top 100 in Cell Phones & Accessories ) #982 in Cell Phone SIM Cards""], ""title"": [""Greater China eSIM Card – Prepaid Data Plans for China, Hong Kong, Macau, Taiwan | 1GB Daily Data,5 Days | No Physical SIM Card Needed | Instant Activation""]}"
amazon_us,hk,"EIOTCLUB Asia Travel eSIM, 1GB 30-Day, China Japan Korea & More",5.0,4,,,,True,46,30일,30일,,roaming,5g_capable,"{""cmhk"": null, ""csl"": null, ""smartone"": null, ""three_hk"": null}",1GB,https://www.amazon.com/eSIM-China-Mainland-Taiwan-1GB/dp/B0DW88254H,B0DW88254H,B0DW88254H,hilan IoT,Visit the EIOTCLUB Store,"{""price_usd"": [""$5.00""], ""usage_validity"": [""EIOTCLUB Asia Travel eSIM, 1GB 30-Day, China Japan Korea & More""], ""data_amount"": [""Enjoy 1GB of high-speed 4G/5G LTE data valid for 30 days, offering reliable coverage across China Mainland, Japan, Korea, Hong Kong, Macau, and Taiwan.""], ""network_type"": [""Follow the provided instructions and enter your Amazon order number to receive your eSIM QR code. Once received, turn on the eSIM line on your phone and enable \""Data Roaming\"" for a"", ""score: local=0, roaming=3""], ""network_generation"": [""product_detail_5g: source:feature_bullets: Enjoy 1GB of high-speed 4G/5G LTE data valid for 30 days, offering reliable coverage across China Mainland, Japan, Korea, Hong Kong, Macau, and Taiwan."", ""product_detail_5g: source:product_details: Item Highlight 5G/4G prepaid data in China, Japan, Korea, Hong Kong, Macau and Taiwan, QR activation, data only, no voice/SMS""], ""review_count"": [""detail_page: 4 global ratings""], ""is_bestseller"": [""Best Sellers Rank #25,571 in Cell Phones & Accessories ( See Top 100 in Cell Phones & Accessories ) #46 in Cell Phone SIM Cards""], ""bestseller_rank"": [""Best Sellers Rank #25,571 in Cell Phones & Accessories ( See Top 100 in Cell Phones & Accessories ) #46 in Cell Phone SIM Cards""], ""title"": [""EIOTCLUB Asia Travel eSIM, 1GB 30-Day, China Japan Korea & More""]}"
amazon_us,hk,Eskimo Global 1-30GB Travel eSIM | No Data Expiry | 5G High Speed Data (3GB),18.0,25,,,,True,48,180일,180일,365일,unknown,5g_capable,"{""cmhk"": null, ""csl"": null, ""smartone"": null, ""three_hk"": null}",1GB,https://www.amazon.com/Eskimo-Global-1-30GB-Validity-3GB/dp/B0GD528949,B0GD528949,B0GD528949,EskimoTravel,Visit the eskimo Store,"{""price_usd"": [""$18.00""], ""usage_validity"": [""KiwiSIM USA Data SIM Card, 12GB 180 Days, 4G LTE SIM Support for 3 Network | SIM for Unlocked Security Cameras, Trail Cameras, GPS Trackers and IoT Devices, Activation Required""], ""activation_validity"": [""Data SIM Card 24GB 365Days, 4G LTE SIM Card Support for 3 Network | USA Mobile Sim Card for Security Camera/Router/Mobile WiFi Hotspot, No Contract, 3-in-1 Sim Kit(Activate Needed)""], ""data_amount"": [""Stay connected across 111 countries with global eSIM plans. Choose from 1GB, 2GB, 3GB, 5GB, 10GB, or 30GB data options to suit your travel needs""], ""network_type"": [""roaming_signal: Enjoy seamless travel connectivity with instant eSIM activation. No physical SIM card needed—just quick, easy setup anywhere you go. Install once and stay connected globally withou"", ""insufficient_or_conflicting_signals(local=0, roaming=1)""], ""network_generation"": [""product_info_cellular_5g: source:product_info_cellular: Cellular Technology 5G/ 4G"", ""product_info_cellular_5g: source:product_info_cellular: Cellular Technology 5G/ 4G""], ""review_count"": [""detail_page: 25 global ratings""], ""is_bestseller"": [""Best Sellers Rank #26,647 in Cell Phones & Accessories ( See Top 100 in Cell Phones & Accessories ) #48 in Cell Phone SIM Cards""], ""bestseller_rank"": [""Best Sellers Rank #26,647 in Cell Phones & Accessories ( See Top 100 in Cell Phones & Accessories ) #48 in Cell Phone SIM Cards""], ""title"": [""Eskimo Global 1-30GB Travel eSIM | No Data Expiry | 5G High Speed Data (3GB)""]}"
amazon_us,hk,Hong Kong ABC SIM Card only Receive Hong Kong SMS from All Over the World,9.9,1,,,,True,437,90일,90일,90일,unknown,lte_4g_only,"{""cmhk"": null, ""csl"": null, ""smartone"": null, ""three_hk"": null}",18GB,https://www.amazon.com/Hong-Kong-30days-Minutes-America/dp/B07KWQTMT3,B07KWQTMT3,B07KWQTMT3,Sally's Gifts,Brand: abc mobile,"{""price_usd"": [""$9.90""], ""usage_validity"": [""18GB 90-day local prepaid sim in hong kong, from May 1st,2026,this sim card ONLY can receive message,NO data,if need data of esim card please let us know""], ""activation_validity"": [""【How to use】 Please activate the Prepaid SIM Card by the date of the card.you'll get a Hong Kong number activate the card： scan the QR code on the card to register your passport or""], ""data_amount"": [""18GB 90-day local prepaid sim in hong kong, from May 1st,2026,this sim card ONLY can receive message,NO data,if need data of esim card please let us know""], ""network_type"": [""local_signal: 18GB 90-day local prepaid sim in hong kong, from May 1st,2026,this sim card ONLY can receive message,NO data,if need data of esim card please let us know"", ""roaming_signal: This is a Hong Kong Number , if in other country,only receive message but remember to choose roaming. dial *122*1# to activate it."", ""insufficient_or_conflicting_signals(local=2, roaming=2)""], ""network_generation"": [""product_detail_4g_lte: source:product_description: 【How to use】 Please activate the Prepaid SIM Card by the date of the card.you'll get a Hong Kong number activate the card： scan the QR code on the card ""], ""review_count"": [""detail_page: 1 global rating""], ""is_bestseller"": [""Best Sellers Rank #192,494 in Cell Phones & Accessories ( See Top 100 in Cell Phones & Accessories ) #437 in Cell Phone SIM Cards""], ""bestseller_rank"": [""Best Sellers Rank #192,494 in Cell Phones & Accessories ( See Top 100 in Cell Phones & Accessories ) #437 in Cell Phone SIM Cards""], ""title"": [""Hong Kong ABC SIM Card only Receive Hong Kong SMS from All Over the World""]}"
amazon_us,hk,"Greater China eSIM Card – Prepaid Data Plans for China, Hong Kong, Macau, Taiwan | 1GB Daily Data,10 Days | No Physical SIM Card Needed | Instant Activation",22.99,8,,,,True,982,10일,10일,,unknown,lte_4g_only,"{""cmhk"": null, ""csl"": null, ""smartone"": null, ""three_hk"": null}",1GB,https://www.amazon.com/Greater-China-eSIM-Card-Activation/dp/B0DSFX7DQ3,B0DSFX7DQ3,B0DSFX7DQ3,Mossroam,Visit the mossroam Store,"{""price_usd"": [""$22.99""], ""usage_validity"": [""Greater China eSIM Card – Prepaid Data Plans for China, Hong Kong, Macau, Taiwan | 1GB Daily Data,10 Days | No Physical SIM Card Needed | Instant Activation""], ""data_amount"": [""Flexible Data Plans – Choose from 1GB or 2GB daily data, with plan durations ranging from 1 to 10 days, tailored to your travel needs.""], ""network_type"": [""local_signal: Europe eSIM 30 Days 20GB + Unlimited Local Calls + 30 Min Call Home | eSIM Available in 24 Hours | 48 Countries | 5G Data + H"", ""roaming_signal: Prepaid China eSIM Data: 10GB High-Speed Data for 30 Days,Explore Beijing, Shanghai, Great Wall & More, Seamless Roaming in Mainland China, Hong Kong, Macau, No Contract, Hotspot S"", ""insufficient_or_conflicting_signals(local=1, roaming=-1)""], ""network_generation"": [""product_info_cellular_4g_lte: source:product_info_cellular: Cellular Technology LTE"", ""product_info_cellular_4g_lte: source:product_info_cellular: Cellular Technology LTE""], ""review_count"": [""detail_page: 8""], ""is_bestseller"": [""Best Sellers Rank #499,503 in Cell Phones & Accessories ( See Top 100 in Cell Phones & Accessories ) #982 in Cell Phone SIM Cards""], ""bestseller_rank"": [""Best Sellers Rank #499,503 in Cell Phones & Accessories ( See Top 100 in Cell Phones & Accessories ) #982 in Cell Phone SIM Cards""], ""title"": [""Greater China eSIM Card – Prepaid Data Plans for China, Hong Kong, Macau, Taiwan | 1GB Daily Data,10 Days | No Physical SIM Card Needed | Instant Activation""]}"
amazon_us,hk,"Greater China eSIM Card – Prepaid Data Plans for China, Hong Kong, Macau, Taiwan | 1GB Daily Data,3 Days | No Physical SIM Card Needed | Instant Activation",11.99,6,,,,True,982,3일,3일,,unknown,lte_4g_only,"{""cmhk"": null, ""csl"": null, ""smartone"": null, ""three_hk"": null}",1GB,https://www.amazon.com/Greater-China-eSIM-Card-Activation/dp/B0DSFW1VNB,B0DSFW1VNB,B0DSFW1VNB,Mossroam,Visit the mossroam Store,"{""price_usd"": [""$11.99""], ""usage_validity"": [""Greater China eSIM Card – Prepaid Data Plans for China, Hong Kong, Macau, Taiwan | 1GB Daily Data,3 Days | No Physical SIM Card Needed | Instant Activation""], ""data_amount"": [""Flexible Data Plans – Choose from 1GB or 2GB daily data, with plan durations ranging from 1 to 10 days, tailored to your travel needs.""], ""network_type"": [""local_signal: Europe eSIM 30 Days 20GB + Unlimited Local Calls + 30 Min Call Home | eSIM Available in 24 Hours | 48 Countries | 5G Data + H"", ""insufficient_or_conflicting_signals(local=1, roaming=-2)""], ""network_generation"": [""product_info_cellular_4g_lte: source:product_info_cellular: Cellular Technology LTE"", ""product_info_cellular_4g_lte: source:product_info_cellular: Cellular Technology LTE""], ""review_count"": [""detail_page: 6""], ""is_bestseller"": [""Best Sellers Rank #499,503 in Cell Phones & Accessories ( See Top 100 in Cell Phones & Accessories ) #982 in Cell Phone SIM Cards""], ""bestseller_rank"": [""Best Sellers Rank #499,503 in Cell Phones & Accessories ( See Top 100 in Cell Phones & Accessories ) #982 in Cell Phone SIM Cards""], ""title"": [""Greater China eSIM Card – Prepaid Data Plans for China, Hong Kong, Macau, Taiwan | 1GB Daily Data,3 Days | No Physical SIM Card Needed | Instant Activation""]}"
amazon_us,hk,"Greater China eSIM Card – Prepaid Data Plans for China, Hong Kong, Macau, Taiwan | 2GB Daily Data,7 Days | No Physical SIM Card Needed | Instant Activation",20.99,1,,,,True,982,7일,7일,,unknown,lte_4g_only,"{""cmhk"": null, ""csl"": null, ""smartone"": null, ""three_hk"": null}",1GB,https://www.amazon.com/Greater-China-eSIM-Card-Activation/dp/B0DSFW1N13,B0DSFW1N13,B0DSFW1N13,Mossroam,Visit the mossroam Store,"{""price_usd"": [""$20.99""], ""usage_validity"": [""Greater China eSIM Card – Prepaid Data Plans for China, Hong Kong, Macau, Taiwan | 2GB Daily Data,7 Days | No Physical SIM Card Needed | Instant Activation""], ""data_amount"": [""Flexible Data Plans – Choose from 1GB or 2GB daily data, with plan durations ranging from 1 to 10 days, tailored to your travel needs.""], ""network_type"": [""local_signal: Europe eSIM 30 Days 20GB + Unlimited Local Calls + 30 Min Call Home | eSIM Available in 24 Hours | 48 Countries | 5G Data + H"", ""insufficient_or_conflicting_signals(local=1, roaming=-2)""], ""network_generation"": [""product_info_cellular_4g_lte: source:product_info_cellular: Cellular Technology LTE"", ""product_info_cellular_4g_lte: source:product_info_cellular: Cellular Technology LTE""], ""review_count"": [""detail_page: 1 global rating""], ""is_bestseller"": [""Best Sellers Rank #499,503 in Cell Phones & Accessories ( See Top 100 in Cell Phones & Accessories ) #982 in Cell Phone SIM Cards""], ""bestseller_rank"": [""Best Sellers Rank #499,503 in Cell Phones & Accessories ( See Top 100 in Cell Phones & Accessories ) #982 in Cell Phone SIM Cards""], ""title"": [""Greater China eSIM Card – Prepaid Data Plans for China, Hong Kong, Macau, Taiwan | 2GB Daily Data,7 Days | No Physical SIM Card Needed | Instant Activation""]}"
amazon_us,hk,"eSIM for China, Hong Kong & Macau | 10GB High-Speed Data (1GB Daily) | Unrestricted Internet Access - Use Facebook, Instagram & More | Hotspot & Tethering | Prepaid Digital SIM Card | 10 Days",22.99,62,,,,True,1204,10일,10일,30일,roaming,5g_capable,"{""cmhk"": null, ""csl"": null, ""smartone"": null, ""three_hk"": null}",1GB,https://www.amazon.com/High-Speed-Activation-Registration-10-Days/dp/B0DFN1D8S5,B0DFN1D8S5,B0DFN1D8S5,Jethro Trading Ltd.,Visit the JETSIM Store,"{""price_usd"": [""$22.99""], ""usage_validity"": [""eSIM for China, Hong Kong & Macau | 10GB High-Speed Data (1GB Daily) | Unrestricted Internet Access - Use Facebook, Instagram & More | Hotspot & Tethering | Prepaid Digital SIM Car""], ""activation_validity"": [""Product description Can I use my eSIM immediately after purchase? Yes. Simply submit the claim form, and we will deliver your eSIM to your email right away. Do I need to activate m""], ""data_amount"": [""[Fast & Reliable Data] 1GB high-speed daily + unlimited basic data for 10 days—ideal for maps, social media, and emails. Unrestricted internet access to Facebook, Instagram, What's""], ""network_type"": [""Product description Can I use my eSIM immediately after purchase? Yes. Simply submit the claim form, and we will deliver your eSIM to your email right away. Do I need to activate m"", ""Prepaid China eSIM Data: 10GB High-Speed Data for 30 Days,Explore Beijing, Shanghai, Great Wall & More, Seamless Roaming in Mainland China, Hong Kong, Macau, No Contract, Hotspot S"", ""score: local=1, roaming=3""], ""network_generation"": [""product_info_cellular_5g: source:product_info_cellular: Cellular Technology 5G/4G"", ""product_info_cellular_5g: source:product_info_cellular: Cellular Technology 5G/4G""], ""review_count"": [""detail_page: 62""], ""is_bestseller"": [""Best Sellers Rank #667,494 in Cell Phones & Accessories ( See Top 100 in Cell Phones & Accessories ) #1,204 in Cell Phone SIM Cards""], ""bestseller_rank"": [""Best Sellers Rank #667,494 in Cell Phones & Accessories ( See Top 100 in Cell Phones & Accessories ) #1,204 in Cell Phone SIM Cards""], ""title"": [""eSIM for China, Hong Kong & Macau | 10GB High-Speed Data (1GB Daily) | Unrestricted Internet Access - Use Facebook, Instagram & More | Hotspot & Tethering | Prepaid Digital SIM Card | 10 Days""]}"
amazon_us,hk,travSIM Hong Kong Data SIM | 12GB Mobile Data at 4G/5G speeds | Free Roaming in Macao | Works on iOS and Android Devices | Plan on Hong Kong SIM Card Data is Valid for 30 Days,32.99,7,,,,True,1316,2일,2일,30일,unknown,lte_4g_only,"{""cmhk"": null, ""csl"": null, ""smartone"": null, ""three_hk"": null}",12GB,https://www.amazon.com/travSIM-12GB-Roaming-Android-Devices/dp/B0CB6CGNRD,B0CB6CGNRD,B0CB6CGNRD,travSIM GmbH Germany,Visit the travSIM Store,"{""price_usd"": [""$32.99""], ""usage_validity"": [""Product description Hong Kong SIM Card with data for you to use while you’re on holiday in Hong Kong. SIM Sizes: Standard Micro Nano Avoid roaming fees, unsecured wi-fi hotspots an""], ""activation_validity"": [""travSIM Hong Kong Data SIM | 12GB Mobile Data at 4G/5G speeds | Free Roaming in Macao | Works on iOS and Android Devices | Plan on Hong Kong SIM Card Data is Valid for 30 Days""], ""data_amount"": [""Hong Kong SIM Card has 12GB mobile data with 4G/5G speeds with free roaming in Macao""], ""network_type"": [""local_signal: Use VoIP apps to make local and international calls. Calls made to your number is at no cost."", ""roaming_signal: travSIM Hong Kong Data SIM | 12GB Mobile Data at 4G/5G speeds | Free Roaming in Macao | Works on iOS and Android Devices | Plan on Hong Kong SIM Card Data is Valid for 30 Days"", ""insufficient_or_conflicting_signals(local=2, roaming=7)""], ""network_generation"": [""product_info_cellular_4g_lte: source:product_info_cellular: Cellular Technology LTE"", ""product_info_cellular_4g_lte: source:product_info_cellular: Cellular Technology LTE""], ""review_count"": [""detail_page: 7 global ratings""], ""is_bestseller"": [""Best Sellers Rank #767,693 in Cell Phones & Accessories ( See Top 100 in Cell Phones & Accessories ) #1,316 in Cell Phone SIM Cards""], ""bestseller_rank"": [""Best Sellers Rank #767,693 in Cell Phones & Accessories ( See Top 100 in Cell Phones & Accessories ) #1,316 in Cell Phone SIM Cards""], ""title"": [""travSIM Hong Kong Data SIM | 12GB Mobile Data at 4G/5G speeds | Free Roaming in Macao | Works on iOS and Android Devices | Plan on Hong Kong SIM Card Data is Valid for 30 Days""]}"
amazon_us,hk,"North America Data SIM Card, 7 Days 10GB, 5G/4G/LTE Coverage",31.99,15,,,,True,349,7일,7일,,unknown,5g_capable,"{""cmhk"": null, ""csl"": null, ""smartone"": null, ""three_hk"": null}",10GB,https://www.amazon.com/dp/B0GV43B87B,B0GV43B87B,B0GV43B87B,YCTEL,Visit the YCTEL Store,"{""price_usd"": [""$31.99""], ""usage_validity"": [""North America Data SIM Card, 7 Days 10GB, 5G/4G/LTE Coverage""], ""data_amount"": [""Amazon.com: YCTEL North America Data SIM Card, 7 Days 10GB, 5G/4G/LTE Coverage | 2026 Tournament Essential, High-Speed 4G/5G Internet Data-Only Card, No Voice/Text, Hotspot Enabled""], ""network_type"": [""local_signal: Easy Setup: Upon arrival at your destination, insert your SIM card, and it will automatically identify the best local network. Activation is complete upon first insertion. Supports"", ""roaming_signal: Saved me from a massive roaming bill!"", ""insufficient_or_conflicting_signals(local=3, roaming=4)""], ""network_generation"": [""product_info_cellular_5g: source:product_info_cellular: Cellular Technology 4GLTE/5G"", ""product_info_cellular_5g: source:product_info_cellular: Cellular Technology 4GLTE/5G"", ""product_info_cellular_4g_lte_signal_present_but_5g_capable_takes_precedence""], ""review_count"": [""detail_page: 15 global ratings""], ""is_bestseller"": [""Best Sellers Rank #158,360 in Cell Phones & Accessories ( See Top 100 in Cell Phones & Accessories ) #349 in Cell Phone SIM Cards""], ""bestseller_rank"": [""Best Sellers Rank #158,360 in Cell Phones & Accessories ( See Top 100 in Cell Phones & Accessories ) #349 in Cell Phone SIM Cards""], ""title"": [""North America Data SIM Card, 7 Days 10GB, 5G/4G/LTE Coverage""]}"
amazon_us,hk,"YCTEL Data SIM Card Includes 500MB Trial, 5G/4G LTE No Contract",3.29,3,,,,True,255,7일,7일,,unknown,5g_capable,"{""cmhk"": null, ""csl"": null, ""smartone"": null, ""three_hk"": null}",12GB,https://www.amazon.com/dp/B0GXTDNKTL,B0GXTDNKTL,B0GXTDNKTL,YCTEL,Brand: Generic,"{""price_usd"": [""$3.29""], ""usage_validity"": [""Flexible Data Plans: The YCTEL SIM card offers a 500MB free trial of data (valid for 7 days, first come, first served), and provides various data plans from 12GB to 144GB, with val""], ""data_amount"": [""Flexible Data Plans: The YCTEL SIM card offers a 500MB free trial of data (valid for 7 days, first come, first served), and provides various data plans from 12GB to 144GB, with val""], ""network_type"": [""no_local_or_roaming_keyword_matched""], ""network_generation"": [""product_info_cellular_5g: source:product_info_cellular: Cellular Technology 4/5G LTE"", ""product_info_cellular_5g: source:product_info_cellular: Cellular Technology 4/5G LTE""], ""review_count"": [""detail_page: 3 global ratings""], ""is_bestseller"": [""Best Sellers Rank #116,694 in Cell Phones & Accessories ( See Top 100 in Cell Phones & Accessories ) #255 in Cell Phone SIM Cards""], ""bestseller_rank"": [""Best Sellers Rank #116,694 in Cell Phones & Accessories ( See Top 100 in Cell Phones & Accessories ) #255 in Cell Phone SIM Cards""], ""title"": [""YCTEL Data SIM Card Includes 500MB Trial, 5G/4G LTE No Contract""]}"
amazon_us,hk,4G LTE Data SIM Card 50GB - 2 Years for Trail Camera & Security Camera,139.99,39,,,,True,129,1일,1일,720일,unknown,lte_4g_only,"{""cmhk"": null, ""csl"": null, ""smartone"": null, ""three_hk"": null}",50GB,https://www.amazon.com/dp/B0F5G8WPZL,B0F5G8WPZL,B0F5G8WPZL,KiwiSimTech,Visit the KiwiSIM Store,"{""price_usd"": [""$139.99""], ""usage_validity"": [""Activation required: The KiwiSIM 4G LTE SIM data card needs to be activated before use. After inserting the SIM card into the hunting camera, connect your mobile phone to the hunti""], ""activation_validity"": [""SIM Data Card 720Days 50GB: The KiwiSIM Data Card is engineered specifically for hunting trail cameras, KiwiSIM SIM card includes 50GB of data and is valid for 2 years. It is a dat""], ""data_amount"": [""SIM Data Card 720Days 50GB: The KiwiSIM Data Card is engineered specifically for hunting trail cameras, KiwiSIM SIM card includes 50GB of data and is valid for 2 years. It is a dat""], ""network_type"": [""local_signal: Compatible with Major US Carriers: KiwiSIM 4G LTE SIM cards support AT&T, Verizon, and T-Mobile networks in the US, providing nationwide coverage across all regions of the United S"", ""roaming_signal: Compatible with Major US Carriers: KiwiSIM 4G LTE SIM cards support AT&T, Verizon, and T-Mobile networks in the US, providing nationwide coverage across all regions of the United S"", ""insufficient_or_conflicting_signals(local=4, roaming=4)""], ""network_generation"": [""product_info_cellular_4g_lte: source:product_info_cellular: Cellular Technology LTE"", ""product_info_cellular_4g_lte: source:product_info_cellular: Cellular Technology LTE""], ""review_count"": [""detail_page: 39 global ratings""], ""is_bestseller"": [""Best Sellers Rank #58,007 in Cell Phones & Accessories ( See Top 100 in Cell Phones & Accessories ) #129 in Cell Phone SIM Cards""], ""bestseller_rank"": [""Best Sellers Rank #58,007 in Cell Phones & Accessories ( See Top 100 in Cell Phones & Accessories ) #129 in Cell Phone SIM Cards""], ""title"": [""4G LTE Data SIM Card 50GB - 2 Years for Trail Camera & Security Camera""]}"
amazon_us,hk,"KiwiSIM USA Data SIM Card, 12GB 180 Days, 4G LTE SIM Support for 3 Network",29.99,252,,,,True,65,1일,1일,180일,roaming,lte_4g_only,"{""cmhk"": null, ""csl"": null, ""smartone"": null, ""three_hk"": null}",12GB,https://www.amazon.com/dp/B0D7LJH5PD,B0D7LJH5PD,B0D7LJH5PD,KiwiSimTech,Visit the KiwiSIM Store,"{""price_usd"": [""$29.99""], ""usage_validity"": [""Product description US 4G LTE Data SIM Card 12GB 180 Days——Support for AT&T, T-Mobile and Verizon Previous page Next page Network signal covers US The KiwiSIM 4G SIM card supports ""], ""activation_validity"": [""KiwiSIM USA Data SIM Card, 12GB 180 Days, 4G LTE SIM Support for 3 Network""], ""data_amount"": [""12GB PREPAID DATA FOR 180 DAYS — Includes 12GB of mobile data for compatible devices. Data only with no phone number, voice calls or SMS service.""], ""network_type"": [""ACTIVATION AND APN SETUP REQUIRED — Insert the SIM, complete activation, enter the required APN settings and enable data roaming when needed. A setup guide is included."", ""Product description US 4G LTE Data SIM Card 12GB 180 Days——Support for AT&T, T-Mobile and Verizon Previous page Next page Network signal covers US The KiwiSIM 4G SIM card supports "", ""score: local=0, roaming=4""], ""network_generation"": [""product_info_cellular_4g_lte: source:product_info_cellular: Cellular Technology 4G LTE"", ""product_info_cellular_4g_lte: source:product_info_cellular: Cellular Technology 4G LTE""], ""review_count"": [""detail_page: 252 global ratings""], ""is_bestseller"": [""Best Sellers Rank #33,521 in Cell Phones & Accessories ( See Top 100 in Cell Phones & Accessories ) #65 in Cell Phone SIM Cards""], ""bestseller_rank"": [""Best Sellers Rank #33,521 in Cell Phones & Accessories ( See Top 100 in Cell Phones & Accessories ) #65 in Cell Phone SIM Cards""], ""title"": [""KiwiSIM USA Data SIM Card, 12GB 180 Days, 4G LTE SIM Support for 3 Network""]}"
amazon_us,hk,"GAPER GO Fast Push Pop Game - Light Up Fidget Toy for Kids, Handheld Sensory Puzzle Game, Christmas Birthday Gifts for 3-12 Year Old Boys & Girls (Rabbit)",9.99,776,,,,True,53,,,,unknown,unknown,"{""cmhk"": null, ""csl"": null, ""smartone"": null, ""three_hk"": null}",unlimited,https://www.amazon.com/GAPER-GO-Console-Handheld-Machine/dp/B0CRNSZ8JW,B0CRNSZ8JW,B0CRNSZ8JW,SU JUN,Brand: GAPER GO,"{""price_usd"": [""$9.99""], ""data_amount"": [""Amazon.com: GAPER GO Fast Push Pop Game - Light Up Fidget Toy for Kids, Handheld Sensory Puzzle Game, Christmas Birthday Gifts for 3-12 Year Old Boys & Girls (Rabbit) : Toys & Game""], ""network_type"": [""no_local_or_roaming_keyword_matched""], ""network_generation"": [""fallback_5g: source:image_alt: Cat Pop Game Push Toy,Kindergarten Graduation Gifts Boy Girls,Quick Fast Push Game Pop Puzzle Game Light up Fidget Toy,Preschool Class of 2025 Graduation Bubble S"", ""fallback_only_network_generation_signal""], ""review_count"": [""detail_page: 776 global ratings""], ""is_bestseller"": [""Best Sellers Rank #8,139 in Toys & Games ( See Top 100 in Toys & Games ) #53 in Pop Fidget Toys""], ""bestseller_rank"": [""Best Sellers Rank #8,139 in Toys & Games ( See Top 100 in Toys & Games ) #53 in Pop Fidget Toys""], ""title"": [""GAPER GO Fast Push Pop Game - Light Up Fidget Toy for Kids, Handheld Sensory Puzzle Game, Christmas Birthday Gifts for 3-12 Year Old Boys & Girls (Rabbit)""]}"
